{
  "mode": "rolling",
  "window_size": 200,
  "stride": 1,
  "n_estimators": 300,
  "contamination": 1e-05,
  "cont_stats": [
    "mean",
    "std",
    "min",
    "max",
    "median",
    "range"
  ],
  "disc_stats": [
    "mean"
  ],
  "auroc": 0.6301051428630191,
  "aupr": 0.2437049627684398,
  "test_public_auroc": 0.5690438970366324,
  "test_public_aupr": 0.17029278043473767,
  "point_aupr": 0.0028319011507836464,
  "contextual_aupr": 0.06718977990541643,
  "collective_aupr": 0.21008153820722755
}